seq,log_fitness,num_mut,mutant
KRRIRRERNKMAAAKSRNRRRELTDTLQAETDQLEDEKSALQTEIANLLKEKEKLEFILAAH,0.0,0,WT
KRRIRRERNKMAAAKSRNRRRELTDTLQAETDQLEDEKSALQTEIANLLKEKEKLEFILAAH,0.0245492149923543,1,T162A
KRRIRRERNKMAAAKSRNRRRELTDTLQAETDQLEDEKSALQTEIANLLKEKEKLEFILAAH,0.0581483008512109,1,T162I
KRRIRRERNKMAAAKSRNRRRELTDTLQAETDQLEDEKSALQTEIANLLKEKEKLEFILAAH,-0.0882849334366597,1,T162N
KRRIRRERNKMAAAKSRNRRRELTDTLQAETDQLEDEKSALQTEIANLLKEKEKLEFILAAH,-0.0973692719803243,1,T162P
KRRIRRERNKMAAAKSRNRRRELTDTLQAETDQLEDEKSALQTEIANLLKEKEKLEFILAAH,-0.0284627676769308,1,T162S
KRRIRRERNKMAAAKSRNRRRELTDTLQAETDQLEDEKSALQTEIANLLKEKEKLEFILAAH,0.0171771101109747,1,D163A
KRRIRRERNKMAAAKSRNRRRELTDTLQAETDQLEDEKSALQTEIANLLKEKEKLEFILAAH,0.0198561797837882,1,D163E
KRRIRRERNKMAAAKSRNRRRELTDTLQAETDQLEDEKSALQTEIANLLKEKEKLEFILAAH,-0.0925654483283908,1,D163G
KRRIRRERNKMAAAKSRNRRRELTDTLQAETDQLEDEKSALQTEIANLLKEKEKLEFILAAH,-0.008864503876706,1,D163H
KRRIRRERNKMAAAKSRNRRRELTDTLQAETDQLEDEKSALQTEIANLLKEKEKLEFILAAH,-0.02013576363993,1,D163N
KRRIRRERNKMAAAKSRNRRRELTDTLQAETDQLEDEKSALQTEIANLLKEKEKLEFILAAH,-0.0206402530266837,1,D163V
KRRIRRERNKMAAAKSRNRRRELTDTLQAETDQLEDEKSALQTEIANLLKEKEKLEFILAAH,-0.0351639626639838,1,D163Y
KRRIRRERNKMAAAKSRNRRRELTDTLQAETDQLEDEKSALQTEIANLLKEKEKLEFILAAH,0.0233507439066638,1,T164A
KRRIRRERNKMAAAKSRNRRRELTDTLQAETDQLEDEKSALQTEIANLLKEKEKLEFILAAH,0.0166879178956265,1,T164I
KRRIRRERNKMAAAKSRNRRRELTDTLQAETDQLEDEKSALQTEIANLLKEKEKLEFILAAH,0.0390165423118334,1,T164K
KRRIRRERNKMAAAKSRNRRRELTDTLQAETDQLEDEKSALQTEIANLLKEKEKLEFILAAH,-0.1496142971211423,1,T164P
KRRIRRERNKMAAAKSRNRRRELTDTLQAETDQLEDEKSALQTEIANLLKEKEKLEFILAAH,0.0329117370040584,1,T164R
KRRIRRERNKMAAAKSRNRRRELTDTLQAETDQLEDEKSALQTEIANLLKEKEKLEFILAAH,0.007773980160698,1,T164S
KRRIRRERNKMAAAKSRNRRRELTDTLQAETDQLEDEKSALQTEIANLLKEKEKLEFILAAH,-0.3398891287540231,1,L165F
KRRIRRERNKMAAAKSRNRRRELTDTLQAETDQLEDEKSALQTEIANLLKEKEKLEFILAAH,-0.4991679163266209,1,L165H
KRRIRRERNKMAAAKSRNRRRELTDTLQAETDQLEDEKSALQTEIANLLKEKEKLEFILAAH,-0.2130223142742568,1,L165I
KRRIRRERNKMAAAKSRNRRRELTDTLQAETDQLEDEKSALQTEIANLLKEKEKLEFILAAH,-0.441004671454845,1,L165P
KRRIRRERNKMAAAKSRNRRRELTDTLQAETDQLEDEKSALQTEIANLLKEKEKLEFILAAH,-0.4413910454014424,1,L165R
KRRIRRERNKMAAAKSRNRRRELTDTLQAETDQLEDEKSALQTEIANLLKEKEKLEFILAAH,-0.4084003707798082,1,L165V
KRRIRRERNKMAAAKSRNRRRELTDTLQAETDQLEDEKSALQTEIANLLKEKEKLEFILAAH,-0.0300727976145368,1,Q166E
KRRIRRERNKMAAAKSRNRRRELTDTLQAETDQLEDEKSALQTEIANLLKEKEKLEFILAAH,-0.1522469066539443,1,Q166H
KRRIRRERNKMAAAKSRNRRRELTDTLQAETDQLEDEKSALQTEIANLLKEKEKLEFILAAH,-0.0075292971518013,1,Q166K
KRRIRRERNKMAAAKSRNRRRELTDTLQAETDQLEDEKSALQTEIANLLKEKEKLEFILAAH,-0.0031675172903797,1,Q166L
KRRIRRERNKMAAAKSRNRRRELTDTLQAETDQLEDEKSALQTEIANLLKEKEKLEFILAAH,-0.4958273982323498,1,Q166P
KRRIRRERNKMAAAKSRNRRRELTDTLQAETDQLEDEKSALQTEIANLLKEKEKLEFILAAH,-0.0697348091546461,1,Q166R
KRRIRRERNKMAAAKSRNRRRELTDTLQAETDQLEDEKSALQTEIANLLKEKEKLEFILAAH,-0.0080213653040406,1,A167E
KRRIRRERNKMAAAKSRNRRRELTDTLQAETDQLEDEKSALQTEIANLLKEKEKLEFILAAH,-0.143084738001139,1,A167G
KRRIRRERNKMAAAKSRNRRRELTDTLQAETDQLEDEKSALQTEIANLLKEKEKLEFILAAH,-0.6458649336789299,1,A167P
KRRIRRERNKMAAAKSRNRRRELTDTLQAETDQLEDEKSALQTEIANLLKEKEKLEFILAAH,-0.0445959193245557,1,A167S
KRRIRRERNKMAAAKSRNRRRELTDTLQAETDQLEDEKSALQTEIANLLKEKEKLEFILAAH,-0.0588475953511354,1,A167T
KRRIRRERNKMAAAKSRNRRRELTDTLQAETDQLEDEKSALQTEIANLLKEKEKLEFILAAH,-0.0959623746371463,1,A167V
KRRIRRERNKMAAAKSRNRRRELTDTLQAETDQLEDEKSALQTEIANLLKEKEKLEFILAAH,-0.0774351070876367,1,E168A
KRRIRRERNKMAAAKSRNRRRELTDTLQAETDQLEDEKSALQTEIANLLKEKEKLEFILAAH,-0.2121551851487359,1,E168D
KRRIRRERNKMAAAKSRNRRRELTDTLQAETDQLEDEKSALQTEIANLLKEKEKLEFILAAH,-0.5560197349912352,1,E168G
KRRIRRERNKMAAAKSRNRRRELTDTLQAETDQLEDEKSALQTEIANLLKEKEKLEFILAAH,-0.037081225969077,1,E168K
KRRIRRERNKMAAAKSRNRRRELTDTLQAETDQLEDEKSALQTEIANLLKEKEKLEFILAAH,-0.015901989086409,1,E168Q
KRRIRRERNKMAAAKSRNRRRELTDTLQAETDQLEDEKSALQTEIANLLKEKEKLEFILAAH,-0.0407094675183224,1,E168V
KRRIRRERNKMAAAKSRNRRRELTDTLQAETDQLEDEKSALQTEIANLLKEKEKLEFILAAH,0.0653383240224565,1,T169A
KRRIRRERNKMAAAKSRNRRRELTDTLQAETDQLEDEKSALQTEIANLLKEKEKLEFILAAH,0.0710786729565404,1,T169I
KRRIRRERNKMAAAKSRNRRRELTDTLQAETDQLEDEKSALQTEIANLLKEKEKLEFILAAH,0.0361480145540562,1,T169K
KRRIRRERNKMAAAKSRNRRRELTDTLQAETDQLEDEKSALQTEIANLLKEKEKLEFILAAH,-0.6905059935671019,1,T169P
KRRIRRERNKMAAAKSRNRRRELTDTLQAETDQLEDEKSALQTEIANLLKEKEKLEFILAAH,0.024536754591486,1,T169R
KRRIRRERNKMAAAKSRNRRRELTDTLQAETDQLEDEKSALQTEIANLLKEKEKLEFILAAH,0.0221791423224625,1,T169S
KRRIRRERNKMAAAKSRNRRRELTDTLQAETDQLEDEKSALQTEIANLLKEKEKLEFILAAH,0.009449575793308,1,D170A
KRRIRRERNKMAAAKSRNRRRELTDTLQAETDQLEDEKSALQTEIANLLKEKEKLEFILAAH,0.0269032755660664,1,D170E
KRRIRRERNKMAAAKSRNRRRELTDTLQAETDQLEDEKSALQTEIANLLKEKEKLEFILAAH,-0.1018650419504162,1,D170G
KRRIRRERNKMAAAKSRNRRRELTDTLQAETDQLEDEKSALQTEIANLLKEKEKLEFILAAH,-0.0300913380435672,1,D170H
KRRIRRERNKMAAAKSRNRRRELTDTLQAETDQLEDEKSALQTEIANLLKEKEKLEFILAAH,-0.0187630288459575,1,D170N
KRRIRRERNKMAAAKSRNRRRELTDTLQAETDQLEDEKSALQTEIANLLKEKEKLEFILAAH,-0.0143382471325542,1,D170V
KRRIRRERNKMAAAKSRNRRRELTDTLQAETDQLEDEKSALQTEIANLLKEKEKLEFILAAH,-0.0670372831112623,1,D170Y
KRRIRRERNKMAAAKSRNRRRELTDTLQAETDQLEDEKSALQTEIANLLKEKEKLEFILAAH,-0.0157225307619559,1,Q171E
KRRIRRERNKMAAAKSRNRRRELTDTLQAETDQLEDEKSALQTEIANLLKEKEKLEFILAAH,-0.0428227749555361,1,Q171H
KRRIRRERNKMAAAKSRNRRRELTDTLQAETDQLEDEKSALQTEIANLLKEKEKLEFILAAH,0.0276352553526025,1,Q171K
KRRIRRERNKMAAAKSRNRRRELTDTLQAETDQLEDEKSALQTEIANLLKEKEKLEFILAAH,-0.0240762856588402,1,Q171L
KRRIRRERNKMAAAKSRNRRRELTDTLQAETDQLEDEKSALQTEIANLLKEKEKLEFILAAH,-0.7399977353883275,1,Q171P
KRRIRRERNKMAAAKSRNRRRELTDTLQAETDQLEDEKSALQTEIANLLKEKEKLEFILAAH,0.0377114661589411,1,Q171R
KRRIRRERNKMAAAKSRNRRRELTDTLQAETDQLEDEKSALQTEIANLLKEKEKLEFILAAH,-0.6326981054450487,1,L172I
KRRIRRERNKMAAAKSRNRRRELTDTLQAETDQLEDEKSALQTEIANLLKEKEKLEFILAAH,-0.4797145738100878,1,L172P
KRRIRRERNKMAAAKSRNRRRELTDTLQAETDQLEDEKSALQTEIANLLKEKEKLEFILAAH,-0.4684137082402503,1,L172Q
KRRIRRERNKMAAAKSRNRRRELTDTLQAETDQLEDEKSALQTEIANLLKEKEKLEFILAAH,-0.4527254562930121,1,L172R
KRRIRRERNKMAAAKSRNRRRELTDTLQAETDQLEDEKSALQTEIANLLKEKEKLEFILAAH,-0.6842075563382947,1,L172V
KRRIRRERNKMAAAKSRNRRRELTDTLQAETDQLEDEKSALQTEIANLLKEKEKLEFILAAH,-0.1391849932922936,1,E173A
KRRIRRERNKMAAAKSRNRRRELTDTLQAETDQLEDEKSALQTEIANLLKEKEKLEFILAAH,-0.2652005229486233,1,E173D
KRRIRRERNKMAAAKSRNRRRELTDTLQAETDQLEDEKSALQTEIANLLKEKEKLEFILAAH,-0.3406959254500072,1,E173G
KRRIRRERNKMAAAKSRNRRRELTDTLQAETDQLEDEKSALQTEIANLLKEKEKLEFILAAH,-0.1250125424281678,1,E173K
KRRIRRERNKMAAAKSRNRRRELTDTLQAETDQLEDEKSALQTEIANLLKEKEKLEFILAAH,-0.0455003093311737,1,E173Q
KRRIRRERNKMAAAKSRNRRRELTDTLQAETDQLEDEKSALQTEIANLLKEKEKLEFILAAH,-0.1345540250491509,1,E173V
KRRIRRERNKMAAAKSRNRRRELTDTLQAETDQLEDEKSALQTEIANLLKEKEKLEFILAAH,0.0482172915378073,1,D174A
KRRIRRERNKMAAAKSRNRRRELTDTLQAETDQLEDEKSALQTEIANLLKEKEKLEFILAAH,0.0232177420887422,1,D174E
KRRIRRERNKMAAAKSRNRRRELTDTLQAETDQLEDEKSALQTEIANLLKEKEKLEFILAAH,-0.0347408337743917,1,D174G
KRRIRRERNKMAAAKSRNRRRELTDTLQAETDQLEDEKSALQTEIANLLKEKEKLEFILAAH,0.0058723121750684,1,D174H
KRRIRRERNKMAAAKSRNRRRELTDTLQAETDQLEDEKSALQTEIANLLKEKEKLEFILAAH,0.0139875297933549,1,D174N
KRRIRRERNKMAAAKSRNRRRELTDTLQAETDQLEDEKSALQTEIANLLKEKEKLEFILAAH,4.347805481557842e-05,1,D174V
KRRIRRERNKMAAAKSRNRRRELTDTLQAETDQLEDEKSALQTEIANLLKEKEKLEFILAAH,-0.0012902550211315,1,D174Y
KRRIRRERNKMAAAKSRNRRRELTDTLQAETDQLEDEKSALQTEIANLLKEKEKLEFILAAH,-0.0810523541950923,1,E175A
KRRIRRERNKMAAAKSRNRRRELTDTLQAETDQLEDEKSALQTEIANLLKEKEKLEFILAAH,-0.1219157504452899,1,E175D
KRRIRRERNKMAAAKSRNRRRELTDTLQAETDQLEDEKSALQTEIANLLKEKEKLEFILAAH,-0.4237663773665639,1,E175G
KRRIRRERNKMAAAKSRNRRRELTDTLQAETDQLEDEKSALQTEIANLLKEKEKLEFILAAH,-0.068487709459919,1,E175K
KRRIRRERNKMAAAKSRNRRRELTDTLQAETDQLEDEKSALQTEIANLLKEKEKLEFILAAH,-0.0096183816843901,1,E175Q
KRRIRRERNKMAAAKSRNRRRELTDTLQAETDQLEDEKSALQTEIANLLKEKEKLEFILAAH,-0.0595806471976217,1,E175V
KRRIRRERNKMAAAKSRNRRRELTDTLQAETDQLEDEKSALQTEIANLLKEKEKLEFILAAH,-0.2518726532023068,1,K176E
KRRIRRERNKMAAAKSRNRRRELTDTLQAETDQLEDEKSALQTEIANLLKEKEKLEFILAAH,-0.0669512534366921,1,K176M
KRRIRRERNKMAAAKSRNRRRELTDTLQAETDQLEDEKSALQTEIANLLKEKEKLEFILAAH,0.0167134587637956,1,K176N
KRRIRRERNKMAAAKSRNRRRELTDTLQAETDQLEDEKSALQTEIANLLKEKEKLEFILAAH,0.0154167882553084,1,K176Q
KRRIRRERNKMAAAKSRNRRRELTDTLQAETDQLEDEKSALQTEIANLLKEKEKLEFILAAH,-0.0131980331436564,1,K176R
KRRIRRERNKMAAAKSRNRRRELTDTLQAETDQLEDEKSALQTEIANLLKEKEKLEFILAAH,-0.2152340974264678,1,K176T
KRRIRRERNKMAAAKSRNRRRELTDTLQAETDQLEDEKSALQTEIANLLKEKEKLEFILAAH,0.0290887092408699,1,S177A
KRRIRRERNKMAAAKSRNRRRELTDTLQAETDQLEDEKSALQTEIANLLKEKEKLEFILAAH,0.0091771032768891,1,S177C
KRRIRRERNKMAAAKSRNRRRELTDTLQAETDQLEDEKSALQTEIANLLKEKEKLEFILAAH,0.0089179991722309,1,S177F
KRRIRRERNKMAAAKSRNRRRELTDTLQAETDQLEDEKSALQTEIANLLKEKEKLEFILAAH,-0.5447902877780412,1,S177P
KRRIRRERNKMAAAKSRNRRRELTDTLQAETDQLEDEKSALQTEIANLLKEKEKLEFILAAH,0.0205342478318887,1,S177T
KRRIRRERNKMAAAKSRNRRRELTDTLQAETDQLEDEKSALQTEIANLLKEKEKLEFILAAH,0.0013836203557344,1,S177Y
KRRIRRERNKMAAAKSRNRRRELTDTLQAETDQLEDEKSALQTEIANLLKEKEKLEFILAAH,-0.082641807659513,1,A178D
KRRIRRERNKMAAAKSRNRRRELTDTLQAETDQLEDEKSALQTEIANLLKEKEKLEFILAAH,-0.1151592086530399,1,A178G
KRRIRRERNKMAAAKSRNRRRELTDTLQAETDQLEDEKSALQTEIANLLKEKEKLEFILAAH,-0.6801923617637065,1,A178P
KRRIRRERNKMAAAKSRNRRRELTDTLQAETDQLEDEKSALQTEIANLLKEKEKLEFILAAH,-0.0514602809606112,1,A178S
KRRIRRERNKMAAAKSRNRRRELTDTLQAETDQLEDEKSALQTEIANLLKEKEKLEFILAAH,-0.0512150079783272,1,A178T
KRRIRRERNKMAAAKSRNRRRELTDTLQAETDQLEDEKSALQTEIANLLKEKEKLEFILAAH,-0.0667637000796212,1,A178V
KRRIRRERNKMAAAKSRNRRRELTDTLQAETDQLEDEKSALQTEIANLLKEKEKLEFILAAH,-0.2239017173994957,1,L179F
KRRIRRERNKMAAAKSRNRRRELTDTLQAETDQLEDEKSALQTEIANLLKEKEKLEFILAAH,-0.1849926108849336,1,L179M
KRRIRRERNKMAAAKSRNRRRELTDTLQAETDQLEDEKSALQTEIANLLKEKEKLEFILAAH,-0.4922359245802504,1,L179S
KRRIRRERNKMAAAKSRNRRRELTDTLQAETDQLEDEKSALQTEIANLLKEKEKLEFILAAH,-0.5154917666311082,1,L179V
KRRIRRERNKMAAAKSRNRRRELTDTLQAETDQLEDEKSALQTEIANLLKEKEKLEFILAAH,-0.120108794387709,1,L179W
KRRIRRERNKMAAAKSRNRRRELTDTLQAETDQLEDEKSALQTEIANLLKEKEKLEFILAAH,0.0385714495426558,1,Q180E
KRRIRRERNKMAAAKSRNRRRELTDTLQAETDQLEDEKSALQTEIANLLKEKEKLEFILAAH,-0.1257828865554058,1,Q180H
KRRIRRERNKMAAAKSRNRRRELTDTLQAETDQLEDEKSALQTEIANLLKEKEKLEFILAAH,-0.0279974267529114,1,Q180K
KRRIRRERNKMAAAKSRNRRRELTDTLQAETDQLEDEKSALQTEIANLLKEKEKLEFILAAH,0.0056853010053282,1,Q180L
KRRIRRERNKMAAAKSRNRRRELTDTLQAETDQLEDEKSALQTEIANLLKEKEKLEFILAAH,-0.7026936797241071,1,Q180P
KRRIRRERNKMAAAKSRNRRRELTDTLQAETDQLEDEKSALQTEIANLLKEKEKLEFILAAH,-0.1027275261301261,1,Q180R
KRRIRRERNKMAAAKSRNRRRELTDTLQAETDQLEDEKSALQTEIANLLKEKEKLEFILAAH,0.0193824792424243,1,T181A
KRRIRRERNKMAAAKSRNRRRELTDTLQAETDQLEDEKSALQTEIANLLKEKEKLEFILAAH,-0.0225941011565189,1,T181I
KRRIRRERNKMAAAKSRNRRRELTDTLQAETDQLEDEKSALQTEIANLLKEKEKLEFILAAH,-0.0020954629497725,1,T181N
KRRIRRERNKMAAAKSRNRRRELTDTLQAETDQLEDEKSALQTEIANLLKEKEKLEFILAAH,-0.6921505733379398,1,T181P
KRRIRRERNKMAAAKSRNRRRELTDTLQAETDQLEDEKSALQTEIANLLKEKEKLEFILAAH,-0.0106776315522135,1,T181S
KRRIRRERNKMAAAKSRNRRRELTDTLQAETDQLEDEKSALQTEIANLLKEKEKLEFILAAH,-0.2327651306120926,1,E182A
KRRIRRERNKMAAAKSRNRRRELTDTLQAETDQLEDEKSALQTEIANLLKEKEKLEFILAAH,-0.1296449216036458,1,E182D
KRRIRRERNKMAAAKSRNRRRELTDTLQAETDQLEDEKSALQTEIANLLKEKEKLEFILAAH,-0.5595846934188621,1,E182G
KRRIRRERNKMAAAKSRNRRRELTDTLQAETDQLEDEKSALQTEIANLLKEKEKLEFILAAH,-0.1935701787904629,1,E182K
KRRIRRERNKMAAAKSRNRRRELTDTLQAETDQLEDEKSALQTEIANLLKEKEKLEFILAAH,-0.1028404858241737,1,E182Q
KRRIRRERNKMAAAKSRNRRRELTDTLQAETDQLEDEKSALQTEIANLLKEKEKLEFILAAH,-0.1681417538700107,1,E182V
KRRIRRERNKMAAAKSRNRRRELTDTLQAETDQLEDEKSALQTEIANLLKEKEKLEFILAAH,-0.6524227831221304,1,I183F
KRRIRRERNKMAAAKSRNRRRELTDTLQAETDQLEDEKSALQTEIANLLKEKEKLEFILAAH,-0.4061062811156529,1,I183L
KRRIRRERNKMAAAKSRNRRRELTDTLQAETDQLEDEKSALQTEIANLLKEKEKLEFILAAH,-0.6289473555234236,1,I183M
KRRIRRERNKMAAAKSRNRRRELTDTLQAETDQLEDEKSALQTEIANLLKEKEKLEFILAAH,-0.5229377756212232,1,I183N
KRRIRRERNKMAAAKSRNRRRELTDTLQAETDQLEDEKSALQTEIANLLKEKEKLEFILAAH,-0.610003767507282,1,I183S
KRRIRRERNKMAAAKSRNRRRELTDTLQAETDQLEDEKSALQTEIANLLKEKEKLEFILAAH,-0.5373807302217669,1,I183T
KRRIRRERNKMAAAKSRNRRRELTDTLQAETDQLEDEKSALQTEIANLLKEKEKLEFILAAH,-0.1120490451957527,1,I183V
KRRIRRERNKMAAAKSRNRRRELTDTLQAETDQLEDEKSALQTEIANLLKEKEKLEFILAAH,-0.0100380793629559,1,A184D
KRRIRRERNKMAAAKSRNRRRELTDTLQAETDQLEDEKSALQTEIANLLKEKEKLEFILAAH,-0.0802104044838605,1,A184G
KRRIRRERNKMAAAKSRNRRRELTDTLQAETDQLEDEKSALQTEIANLLKEKEKLEFILAAH,-0.6374333224773325,1,A184P
KRRIRRERNKMAAAKSRNRRRELTDTLQAETDQLEDEKSALQTEIANLLKEKEKLEFILAAH,-0.0254355215789298,1,A184S
KRRIRRERNKMAAAKSRNRRRELTDTLQAETDQLEDEKSALQTEIANLLKEKEKLEFILAAH,-0.0429943941391933,1,A184T
KRRIRRERNKMAAAKSRNRRRELTDTLQAETDQLEDEKSALQTEIANLLKEKEKLEFILAAH,-0.065233714194944,1,A184V
KRRIRRERNKMAAAKSRNRRRELTDTLQAETDQLEDEKSALQTEIANLLKEKEKLEFILAAH,-0.0049125005966789,1,N185D
KRRIRRERNKMAAAKSRNRRRELTDTLQAETDQLEDEKSALQTEIANLLKEKEKLEFILAAH,-0.0131376279523122,1,N185H
KRRIRRERNKMAAAKSRNRRRELTDTLQAETDQLEDEKSALQTEIANLLKEKEKLEFILAAH,-0.0442759661602919,1,N185I
KRRIRRERNKMAAAKSRNRRRELTDTLQAETDQLEDEKSALQTEIANLLKEKEKLEFILAAH,-0.0126170796490585,1,N185K
KRRIRRERNKMAAAKSRNRRRELTDTLQAETDQLEDEKSALQTEIANLLKEKEKLEFILAAH,-0.015757448057082,1,N185S
KRRIRRERNKMAAAKSRNRRRELTDTLQAETDQLEDEKSALQTEIANLLKEKEKLEFILAAH,-0.0302372888115098,1,N185T
KRRIRRERNKMAAAKSRNRRRELTDTLQAETDQLEDEKSALQTEIANLLKEKEKLEFILAAH,-0.0235155591646273,1,N185Y
KRRIRRERNKMAAAKSRNRRRELTDTLQAETDQLEDEKSALQTEIANLLKEKEKLEFILAAH,-0.2502570783295784,1,L186M
KRRIRRERNKMAAAKSRNRRRELTDTLQAETDQLEDEKSALQTEIANLLKEKEKLEFILAAH,-0.3917107982984431,1,L186P
KRRIRRERNKMAAAKSRNRRRELTDTLQAETDQLEDEKSALQTEIANLLKEKEKLEFILAAH,-0.4788989007258356,1,L186Q
KRRIRRERNKMAAAKSRNRRRELTDTLQAETDQLEDEKSALQTEIANLLKEKEKLEFILAAH,-0.5232291031958207,1,L186R
KRRIRRERNKMAAAKSRNRRRELTDTLQAETDQLEDEKSALQTEIANLLKEKEKLEFILAAH,-0.6769702692156023,1,L186V
KRRIRRERNKMAAAKSRNRRRELTDTLQAETDQLEDEKSALQTEIANLLKEKEKLEFILAAH,-0.0102385242669008,1,L187M
KRRIRRERNKMAAAKSRNRRRELTDTLQAETDQLEDEKSALQTEIANLLKEKEKLEFILAAH,-0.4487522229172954,1,L187P
KRRIRRERNKMAAAKSRNRRRELTDTLQAETDQLEDEKSALQTEIANLLKEKEKLEFILAAH,-0.0244249400428644,1,L187Q
KRRIRRERNKMAAAKSRNRRRELTDTLQAETDQLEDEKSALQTEIANLLKEKEKLEFILAAH,-0.0103202591482033,1,L187R
KRRIRRERNKMAAAKSRNRRRELTDTLQAETDQLEDEKSALQTEIANLLKEKEKLEFILAAH,-0.040614370242334,1,L187V
KRRIRRERNKMAAAKSRNRRRELTDTLQAETDQLEDEKSALQTEIANLLKEKEKLEFILAAH,-0.0201572134544217,1,K188E
KRRIRRERNKMAAAKSRNRRRELTDTLQAETDQLEDEKSALQTEIANLLKEKEKLEFILAAH,-0.0463248020236431,1,K188M
KRRIRRERNKMAAAKSRNRRRELTDTLQAETDQLEDEKSALQTEIANLLKEKEKLEFILAAH,-0.078345727692221,1,K188N
KRRIRRERNKMAAAKSRNRRRELTDTLQAETDQLEDEKSALQTEIANLLKEKEKLEFILAAH,-0.0489797579411954,1,K188Q
KRRIRRERNKMAAAKSRNRRRELTDTLQAETDQLEDEKSALQTEIANLLKEKEKLEFILAAH,-0.0264425602810731,1,K188R
KRRIRRERNKMAAAKSRNRRRELTDTLQAETDQLEDEKSALQTEIANLLKEKEKLEFILAAH,-0.0913503677188362,1,K188T
KRRIRRERNKMAAAKSRNRRRELTDTLQAETDQLEDEKSALQTEIANLLKEKEKLEFILAAH,-0.1719874607761769,1,E189A
KRRIRRERNKMAAAKSRNRRRELTDTLQAETDQLEDEKSALQTEIANLLKEKEKLEFILAAH,-0.2017268498858251,1,E189D
KRRIRRERNKMAAAKSRNRRRELTDTLQAETDQLEDEKSALQTEIANLLKEKEKLEFILAAH,-0.5769846109274944,1,E189G
KRRIRRERNKMAAAKSRNRRRELTDTLQAETDQLEDEKSALQTEIANLLKEKEKLEFILAAH,-0.2207837877475985,1,E189K
KRRIRRERNKMAAAKSRNRRRELTDTLQAETDQLEDEKSALQTEIANLLKEKEKLEFILAAH,-0.0543629789467102,1,E189Q
KRRIRRERNKMAAAKSRNRRRELTDTLQAETDQLEDEKSALQTEIANLLKEKEKLEFILAAH,-0.1262044319072218,1,E189V
KRRIRRERNKMAAAKSRNRRRELTDTLQAETDQLEDEKSALQTEIANLLKEKEKLEFILAAH,-0.6184417610562963,1,K190E
KRRIRRERNKMAAAKSRNRRRELTDTLQAETDQLEDEKSALQTEIANLLKEKEKLEFILAAH,-0.1857680876640364,1,K190M
KRRIRRERNKMAAAKSRNRRRELTDTLQAETDQLEDEKSALQTEIANLLKEKEKLEFILAAH,-0.5570651957130179,1,K190N
KRRIRRERNKMAAAKSRNRRRELTDTLQAETDQLEDEKSALQTEIANLLKEKEKLEFILAAH,-0.312302552343778,1,K190Q
KRRIRRERNKMAAAKSRNRRRELTDTLQAETDQLEDEKSALQTEIANLLKEKEKLEFILAAH,-0.1042425829996881,1,K190R
KRRIRRERNKMAAAKSRNRRRELTDTLQAETDQLEDEKSALQTEIANLLKEKEKLEFILAAH,-0.6036756360988326,1,K190T
KRRIRRERNKMAAAKSRNRRRELTDTLQAETDQLEDEKSALQTEIANLLKEKEKLEFILAAH,-0.0103829911771489,1,E191A
KRRIRRERNKMAAAKSRNRRRELTDTLQAETDQLEDEKSALQTEIANLLKEKEKLEFILAAH,-0.081371286426901,1,E191D
KRRIRRERNKMAAAKSRNRRRELTDTLQAETDQLEDEKSALQTEIANLLKEKEKLEFILAAH,-0.1648005822535676,1,E191G
KRRIRRERNKMAAAKSRNRRRELTDTLQAETDQLEDEKSALQTEIANLLKEKEKLEFILAAH,-0.0121050736649765,1,E191K
KRRIRRERNKMAAAKSRNRRRELTDTLQAETDQLEDEKSALQTEIANLLKEKEKLEFILAAH,-0.0330596289507242,1,E191Q
KRRIRRERNKMAAAKSRNRRRELTDTLQAETDQLEDEKSALQTEIANLLKEKEKLEFILAAH,-0.162329921478563,1,E191V
KRRIRRERNKMAAAKSRNRRRELTDTLQAETDQLEDEKSALQTEIANLLKEKEKLEFILAAH,0.0433543061509921,1,K192E
KRRIRRERNKMAAAKSRNRRRELTDTLQAETDQLEDEKSALQTEIANLLKEKEKLEFILAAH,-0.0598324111981481,1,K192I
KRRIRRERNKMAAAKSRNRRRELTDTLQAETDQLEDEKSALQTEIANLLKEKEKLEFILAAH,-0.0265791765085221,1,K192N
KRRIRRERNKMAAAKSRNRRRELTDTLQAETDQLEDEKSALQTEIANLLKEKEKLEFILAAH,0.0269129682144496,1,K192Q
KRRIRRERNKMAAAKSRNRRRELTDTLQAETDQLEDEKSALQTEIANLLKEKEKLEFILAAH,0.0156428353853076,1,K192R
KRRIRRERNKMAAAKSRNRRRELTDTLQAETDQLEDEKSALQTEIANLLKEKEKLEFILAAH,-0.0300470728362323,1,K192T
KRRIRRERNKMAAAKSRNRRRELTDTLQAETDQLEDEKSALQTEIANLLKEKEKLEFILAAH,-0.1862434264809718,1,L193I
KRRIRRERNKMAAAKSRNRRRELTDTLQAETDQLEDEKSALQTEIANLLKEKEKLEFILAAH,-0.492830398445008,1,L193P
KRRIRRERNKMAAAKSRNRRRELTDTLQAETDQLEDEKSALQTEIANLLKEKEKLEFILAAH,-0.5276371064986758,1,L193Q
KRRIRRERNKMAAAKSRNRRRELTDTLQAETDQLEDEKSALQTEIANLLKEKEKLEFILAAH,-0.5977851002842915,1,L193R
KRRIRRERNKMAAAKSRNRRRELTDTLQAETDQLEDEKSALQTEIANLLKEKEKLEFILAAH,-0.409365037456293,1,L193V
KRRIRRERNKMAAAKSRNRRRELTDTLQAETDQLEDEKSALQTEIANLLKEKEKLEFILAAH,0.0,0,WT
