mutant,linear,seq,num_mut,log_fitness
WT,1.0,DVPLPAGWEMAKTSSGQRYFLNHIDQTTTWQDPR,0,0.0
D10C,1.08657274,CVPLPAGWEMAKTSSGQRYFLNHIDQTTTWQDPR,1,0.0830284673919142
D10E,1.449640362,EVPLPAGWEMAKTSSGQRYFLNHIDQTTTWQDPR,1,0.371315499462
D10G,1.586071832,GVPLPAGWEMAKTSSGQRYFLNHIDQTTTWQDPR,1,0.4612604134859014
D10F,1.390984458,FVPLPAGWEMAKTSSGQRYFLNHIDQTTTWQDPR,1,0.3300117396222346
D10I,1.510918047,IVPLPAGWEMAKTSSGQRYFLNHIDQTTTWQDPR,1,0.4127174442286919
D10H,1.082612035,HVPLPAGWEMAKTSSGQRYFLNHIDQTTTWQDPR,1,0.0793766720749076
D10K,1.986607392,KVPLPAGWEMAKTSSGQRYFLNHIDQTTTWQDPR,1,0.6864283557224284
D10L,1.757548039,LVPLPAGWEMAKTSSGQRYFLNHIDQTTTWQDPR,1,0.5639196780417838
D10N,1.191825583,NVPLPAGWEMAKTSSGQRYFLNHIDQTTTWQDPR,1,0.1754862349503282
D10Q,1.612474668,QVPLPAGWEMAKTSSGQRYFLNHIDQTTTWQDPR,1,0.4777700597969489
D10P,2.502210796,PVPLPAGWEMAKTSSGQRYFLNHIDQTTTWQDPR,1,0.917174659495004
D10S,1.238792683,SVPLPAGWEMAKTSSGQRYFLNHIDQTTTWQDPR,1,0.214137262577026
D10R,2.470139561,RVPLPAGWEMAKTSSGQRYFLNHIDQTTTWQDPR,1,0.9042746514728336
D10T,1.867418334,TVPLPAGWEMAKTSSGQRYFLNHIDQTTTWQDPR,1,0.6245569069481638
D10V,1.9505742,VVPLPAGWEMAKTSSGQRYFLNHIDQTTTWQDPR,1,0.6681237907688269
D10Y,1.135424459,YVPLPAGWEMAKTSSGQRYFLNHIDQTTTWQDPR,1,0.1270065537102344
V11A,1.298013126,DAPLPAGWEMAKTSSGQRYFLNHIDQTTTWQDPR,1,0.2608347307115071
V11E,1.397016889,DEPLPAGWEMAKTSSGQRYFLNHIDQTTTWQDPR,1,0.3343391696791993
V11D,1.860249175,DDPLPAGWEMAKTSSGQRYFLNHIDQTTTWQDPR,1,0.6207104438063569
V11G,1.974818609,DGPLPAGWEMAKTSSGQRYFLNHIDQTTTWQDPR,1,0.6804765505909048
V11F,1.127986667,DFPLPAGWEMAKTSSGQRYFLNHIDQTTTWQDPR,1,0.120434332970549
V11I,1.199341502,DIPLPAGWEMAKTSSGQRYFLNHIDQTTTWQDPR,1,0.1817726578431514
V11H,2.200604356,DHPLPAGWEMAKTSSGQRYFLNHIDQTTTWQDPR,1,0.7887320299118633
V11M,1.323938731,DMPLPAGWEMAKTSSGQRYFLNHIDQTTTWQDPR,1,0.2806111807643058
V11L,1.583837055,DLPLPAGWEMAKTSSGQRYFLNHIDQTTTWQDPR,1,0.4598504187826411
V11N,2.749499045,DNPLPAGWEMAKTSSGQRYFLNHIDQTTTWQDPR,1,1.0114187296297927
V11P,2.75929815,DPPLPAGWEMAKTSSGQRYFLNHIDQTTTWQDPR,1,1.0149763539127288
V11S,1.833689529,DSPLPAGWEMAKTSSGQRYFLNHIDQTTTWQDPR,1,0.6063300732441949
V11R,3.462110809,DRPLPAGWEMAKTSSGQRYFLNHIDQTTTWQDPR,1,1.2418784634630566
V11T,0.963624688,DTPLPAGWEMAKTSSGQRYFLNHIDQTTTWQDPR,1,-0.0370533879801662
V11Y,1.198164072,DYPLPAGWEMAKTSSGQRYFLNHIDQTTTWQDPR,1,0.1807904452406628
P12A,1.185524545,DVALPAGWEMAKTSSGQRYFLNHIDQTTTWQDPR,1,0.1701853306531497
P12E,0.808047348,DVELPAGWEMAKTSSGQRYFLNHIDQTTTWQDPR,1,-0.2131346231679955
P12G,1.646431217,DVGLPAGWEMAKTSSGQRYFLNHIDQTTTWQDPR,1,0.4986100466807717
P12F,0.526422028,DVFLPAGWEMAKTSSGQRYFLNHIDQTTTWQDPR,1,-0.6416520533420108
P12I,1.081574506,DVILPAGWEMAKTSSGQRYFLNHIDQTTTWQDPR,1,0.078417855392676
P12H,0.981326217,DVHLPAGWEMAKTSSGQRYFLNHIDQTTTWQDPR,1,-0.0188503395261431
P12K,1.34184025,DVKLPAGWEMAKTSSGQRYFLNHIDQTTTWQDPR,1,0.2940419927156788
P12L,0.917905338,DVLLPAGWEMAKTSSGQRYFLNHIDQTTTWQDPR,1,-0.0856610113256955
P12Q,0.97954644,DVQLPAGWEMAKTSSGQRYFLNHIDQTTTWQDPR,1,-0.0206656307765824
P12S,1.326588984,DVSLPAGWEMAKTSSGQRYFLNHIDQTTTWQDPR,1,0.2826109741399696
P12R,1.396370152,DVRLPAGWEMAKTSSGQRYFLNHIDQTTTWQDPR,1,0.3338761210561025
P12T,1.101012436,DVTLPAGWEMAKTSSGQRYFLNHIDQTTTWQDPR,1,0.0962301528629471
L13F,0.581268889,DVPFPAGWEMAKTSSGQRYFLNHIDQTTTWQDPR,1,-0.5425418254042926
L13H,0.268812135,DVPHPAGWEMAKTSSGQRYFLNHIDQTTTWQDPR,1,-1.3137425262628657
L13M,1.08444462,DVPMPAGWEMAKTSSGQRYFLNHIDQTTTWQDPR,1,0.0810679849740145
L13Q,0.227748626,DVPQPAGWEMAKTSSGQRYFLNHIDQTTTWQDPR,1,-1.4795127757911128
L13P,0.271741785,DVPPPAGWEMAKTSSGQRYFLNHIDQTTTWQDPR,1,-1.302902983428554
L13R,0.165804027,DVPRPAGWEMAKTSSGQRYFLNHIDQTTTWQDPR,1,-1.7969487482767428
L13T,0.207538415,DVPTPAGWEMAKTSSGQRYFLNHIDQTTTWQDPR,1,-1.5724388239161755
L13W,0.242428955,DVPWPAGWEMAKTSSGQRYFLNHIDQTTTWQDPR,1,-1.4170465806005863
L13V,0.567276852,DVPVPAGWEMAKTSSGQRYFLNHIDQTTTWQDPR,1,-0.5669078192896227
P14A,0.398852739,DVPLAAGWEMAKTSSGQRYFLNHIDQTTTWQDPR,1,-0.9191630054052532
P14G,0.827341338,DVPLGAGWEMAKTSSGQRYFLNHIDQTTTWQDPR,1,-0.1895379266706137
P14L,0.327942052,DVPLLAGWEMAKTSSGQRYFLNHIDQTTTWQDPR,1,-1.1149183569378127
P14Q,0.422146169,DVPLQAGWEMAKTSSGQRYFLNHIDQTTTWQDPR,1,-0.8624036528811566
P14S,0.323615345,DVPLSAGWEMAKTSSGQRYFLNHIDQTTTWQDPR,1,-1.128199675268183
P14R,0.241634365,DVPLRAGWEMAKTSSGQRYFLNHIDQTTTWQDPR,1,-1.420329583798108
P14T,0.366025411,DVPLTAGWEMAKTSSGQRYFLNHIDQTTTWQDPR,1,-1.0050525190291009
P14V,0.210093649,DVPLVAGWEMAKTSSGQRYFLNHIDQTTTWQDPR,1,-1.5602019000507084
A15C,0.567995705,DVPLPCGWEMAKTSSGQRYFLNHIDQTTTWQDPR,1,-0.5656414219092932
A15E,0.515129895,DVPLPEGWEMAKTSSGQRYFLNHIDQTTTWQDPR,1,-0.6633361868203794
A15D,0.760414326,DVPLPDGWEMAKTSSGQRYFLNHIDQTTTWQDPR,1,-0.2738918284611688
A15G,0.8145548,DVPLPGGWEMAKTSSGQRYFLNHIDQTTTWQDPR,1,-0.2051135726630625
A15F,0.964681089,DVPLPFGWEMAKTSSGQRYFLNHIDQTTTWQDPR,1,-0.0359577099831541
A15I,0.910499307,DVPLPIGWEMAKTSSGQRYFLNHIDQTTTWQDPR,1,-0.0937621409350276
A15H,0.827176602,DVPLPHGWEMAKTSSGQRYFLNHIDQTTTWQDPR,1,-0.1897370614113882
A15L,1.516725344,DVPLPLGWEMAKTSSGQRYFLNHIDQTTTWQDPR,1,0.4165536318980227
A15N,0.894393811,DVPLPNGWEMAKTSSGQRYFLNHIDQTTTWQDPR,1,-0.1116090963279628
A15Q,0.988666084,DVPLPQGWEMAKTSSGQRYFLNHIDQTTTWQDPR,1,-0.0113986342984634
A15P,1.044997548,DVPLPPGWEMAKTSSGQRYFLNHIDQTTTWQDPR,1,0.0440145390025382
A15S,0.989783576,DVPLPSGWEMAKTSSGQRYFLNHIDQTTTWQDPR,1,-0.0102689698531827
A15R,1.061490662,DVPLPRGWEMAKTSSGQRYFLNHIDQTTTWQDPR,1,0.0596742051370819
A15T,1.142308557,DVPLPTGWEMAKTSSGQRYFLNHIDQTTTWQDPR,1,0.1330512647565823
A15V,0.965049014,DVPLPVGWEMAKTSSGQRYFLNHIDQTTTWQDPR,1,-0.0355763872231618
A15Y,1.042880663,DVPLPYGWEMAKTSSGQRYFLNHIDQTTTWQDPR,1,0.0419867524063482
G16A,0.305118117,DVPLPAAWEMAKTSSGQRYFLNHIDQTTTWQDPR,1,-1.1870563084914936
G16C,0.486401264,DVPLPACWEMAKTSSGQRYFLNHIDQTTTWQDPR,1,-0.7207213496493458
G16D,0.251223,DVPLPADWEMAKTSSGQRYFLNHIDQTTTWQDPR,1,-1.381414288069947
G16F,0.752134089,DVPLPAFWEMAKTSSGQRYFLNHIDQTTTWQDPR,1,-0.2848406610871817
G16H,0.527199829,DVPLPAHWEMAKTSSGQRYFLNHIDQTTTWQDPR,1,-0.6401756201489757
G16N,0.448460273,DVPLPANWEMAKTSSGQRYFLNHIDQTTTWQDPR,1,-0.8019351788869934
G16P,0.309664437,DVPLPAPWEMAKTSSGQRYFLNHIDQTTTWQDPR,1,-1.1722660290776152
G16S,0.348624146,DVPLPASWEMAKTSSGQRYFLNHIDQTTTWQDPR,1,-1.0537608826610052
G16R,0.556189368,DVPLPARWEMAKTSSGQRYFLNHIDQTTTWQDPR,1,-0.5866464527910805
G16T,0.024831598,DVPLPATWEMAKTSSGQRYFLNHIDQTTTWQDPR,1,-3.695638323901029
G16V,0.077724409,DVPLPAVWEMAKTSSGQRYFLNHIDQTTTWQDPR,1,-2.554585926797331
W17C,0.076296645,DVPLPAGCEMAKTSSGQRYFLNHIDQTTTWQDPR,1,-2.573126312824934
W17G,0.092662767,DVPLPAGGEMAKTSSGQRYFLNHIDQTTTWQDPR,1,-2.378788537578926
W17F,0.487386029,DVPLPAGFEMAKTSSGQRYFLNHIDQTTTWQDPR,1,-0.7186988025432646
W17L,0.111221239,DVPLPAGLEMAKTSSGQRYFLNHIDQTTTWQDPR,1,-2.19623391720205
W17S,0.104129987,DVPLPAGSEMAKTSSGQRYFLNHIDQTTTWQDPR,1,-2.2621152852842856
W17R,0.192193379,DVPLPAGREMAKTSSGQRYFLNHIDQTTTWQDPR,1,-1.6492532315304629
W17Y,0.4956754,DVPLPAGYEMAKTSSGQRYFLNHIDQTTTWQDPR,1,-0.7018340019774562
E18A,1.317981452,DVPLPAGWAMAKTSSGQRYFLNHIDQTTTWQDPR,1,0.2761013631436593
E18D,1.233934247,DVPLPAGWDMAKTSSGQRYFLNHIDQTTTWQDPR,1,0.2102076396226871
E18G,2.099319313,DVPLPAGWGMAKTSSGQRYFLNHIDQTTTWQDPR,1,0.7416131555190668
E18H,0.254198134,DVPLPAGWHMAKTSSGQRYFLNHIDQTTTWQDPR,1,-1.3696412609303588
E18K,0.371603412,DVPLPAGWKMAKTSSGQRYFLNHIDQTTTWQDPR,1,-0.9899280901685684
E18N,0.615290013,DVPLPAGWNMAKTSSGQRYFLNHIDQTTTWQDPR,1,-0.4856615564741955
E18Q,1.052193487,DVPLPAGWQMAKTSSGQRYFLNHIDQTTTWQDPR,1,0.0508770204075583
E18S,1.063714333,DVPLPAGWSMAKTSSGQRYFLNHIDQTTTWQDPR,1,0.0617668708486087
E18T,0.899467911,DVPLPAGWTMAKTSSGQRYFLNHIDQTTTWQDPR,1,-0.1059519004913706
E18V,0.187600785,DVPLPAGWVMAKTSSGQRYFLNHIDQTTTWQDPR,1,-1.6734390579837994
M19A,0.904025472,DVPLPAGWEAAKTSSGQRYFLNHIDQTTTWQDPR,1,-0.100897741995774
M19E,2.207094488,DVPLPAGWEEAKTSSGQRYFLNHIDQTTTWQDPR,1,0.7916769392263016
M19G,0.981945121,DVPLPAGWEGAKTSSGQRYFLNHIDQTTTWQDPR,1,-0.0182198571180089
M19F,0.358852909,DVPLPAGWEFAKTSSGQRYFLNHIDQTTTWQDPR,1,-1.02484269868775
M19I,0.664678427,DVPLPAGWEIAKTSSGQRYFLNHIDQTTTWQDPR,1,-0.4084519237042504
M19K,1.102560146,DVPLPAGWEKAKTSSGQRYFLNHIDQTTTWQDPR,1,0.0976348810458494
M19L,0.722382863,DVPLPAGWELAKTSSGQRYFLNHIDQTTTWQDPR,1,-0.3251999994752472
M19Q,1.372680411,DVPLPAGWEQAKTSSGQRYFLNHIDQTTTWQDPR,1,0.3167653327576849
M19S,1.243032612,DVPLPAGWESAKTSSGQRYFLNHIDQTTTWQDPR,1,0.2175540487089398
M19R,0.838388039,DVPLPAGWERAKTSSGQRYFLNHIDQTTTWQDPR,1,-0.1762742319770499
M19T,0.851173584,DVPLPAGWETAKTSSGQRYFLNHIDQTTTWQDPR,1,-0.161139194710903
M19W,0.568995407,DVPLPAGWEWAKTSSGQRYFLNHIDQTTTWQDPR,1,-0.5638829169446244
M19V,0.891775799,DVPLPAGWEVAKTSSGQRYFLNHIDQTTTWQDPR,1,-0.1145405244074871
A20D,0.331963069,DVPLPAGWEMDKTSSGQRYFLNHIDQTTTWQDPR,1,-1.1027315542048557
A20G,0.475167642,DVPLPAGWEMGKTSSGQRYFLNHIDQTTTWQDPR,1,-0.7440876066865084
A20I,0.113718614,DVPLPAGWEMIKTSSGQRYFLNHIDQTTTWQDPR,1,-2.174028180103368
A20P,0.058152164,DVPLPAGWEMPKTSSGQRYFLNHIDQTTTWQDPR,1,-2.8446921866084294
A20S,0.833029462,DVPLPAGWEMSKTSSGQRYFLNHIDQTTTWQDPR,1,-0.1826862688933276
A20R,2.040908081,DVPLPAGWEMRKTSSGQRYFLNHIDQTTTWQDPR,1,0.7133948465568082
A20T,0.449490742,DVPLPAGWEMTKTSSGQRYFLNHIDQTTTWQDPR,1,-0.7996400215005871
A20V,0.103345078,DVPLPAGWEMVKTSSGQRYFLNHIDQTTTWQDPR,1,-2.269681618565127
K21A,0.680225047,DVPLPAGWEMAATSSGQRYFLNHIDQTTTWQDPR,1,-0.3853315840937545
K21E,0.821717574,DVPLPAGWEMAETSSGQRYFLNHIDQTTTWQDPR,1,-0.1963585269060489
K21D,0.529622291,DVPLPAGWEMADTSSGQRYFLNHIDQTTTWQDPR,1,-0.6355911849883109
K21I,0.63669881,DVPLPAGWEMAITSSGQRYFLNHIDQTTTWQDPR,1,-0.4514585609729977
K21H,0.970298873,DVPLPAGWEMAHTSSGQRYFLNHIDQTTTWQDPR,1,-0.0301511384480022
K21M,0.732561297,DVPLPAGWEMAMTSSGQRYFLNHIDQTTTWQDPR,1,-0.3112082596807877
K21L,0.911169915,DVPLPAGWEMALTSSGQRYFLNHIDQTTTWQDPR,1,-0.0930258842950247
K21N,0.688156381,DVPLPAGWEMANTSSGQRYFLNHIDQTTTWQDPR,1,-0.3737391689119458
K21Q,0.823065802,DVPLPAGWEMAQTSSGQRYFLNHIDQTTTWQDPR,1,-0.1947191276737436
K21P,0.061267341,DVPLPAGWEMAPTSSGQRYFLNHIDQTTTWQDPR,1,-2.792508351260396
K21S,0.917196172,DVPLPAGWEMASTSSGQRYFLNHIDQTTTWQDPR,1,-0.0864339015788371
K21R,0.89982034,DVPLPAGWEMARTSSGQRYFLNHIDQTTTWQDPR,1,-0.1055601578072163
K21T,0.7907033,DVPLPAGWEMATTSSGQRYFLNHIDQTTTWQDPR,1,-0.234832476396828
K21V,0.331431807,DVPLPAGWEMAVTSSGQRYFLNHIDQTTTWQDPR,1,-1.1043332009247475
K21Y,0.551845251,DVPLPAGWEMAYTSSGQRYFLNHIDQTTTWQDPR,1,-0.59448761439962
T22A,0.658983784,DVPLPAGWEMAKASSGQRYFLNHIDQTTTWQDPR,1,-0.4170563517626596
T22I,0.428832973,DVPLPAGWEMAKISSGQRYFLNHIDQTTTWQDPR,1,-0.8466877761930838
T22H,0.084955766,DVPLPAGWEMAKHSSGQRYFLNHIDQTTTWQDPR,1,-2.4656245579468963
T22M,0.705413423,DVPLPAGWEMAKMSSGQRYFLNHIDQTTTWQDPR,1,-0.3489712324414712
T22L,0.470943215,DVPLPAGWEMAKLSSGQRYFLNHIDQTTTWQDPR,1,-0.753017754866674
T22N,0.388788006,DVPLPAGWEMAKNSSGQRYFLNHIDQTTTWQDPR,1,-0.944721055637118
T22P,0.087387674,DVPLPAGWEMAKPSSGQRYFLNHIDQTTTWQDPR,1,-2.437401036014561
T22S,0.492115261,DVPLPAGWEMAKSSSGQRYFLNHIDQTTTWQDPR,1,-0.7090423196016332
T22V,0.528226935,DVPLPAGWEMAKVSSGQRYFLNHIDQTTTWQDPR,1,-0.6382292864775634
T22Y,0.867289276,DVPLPAGWEMAKYSSGQRYFLNHIDQTTTWQDPR,1,-0.1423827061785027
S23A,1.486004561,DVPLPAGWEMAKTASGQRYFLNHIDQTTTWQDPR,1,0.3960910156044506
S23C,0.27890144,DVPLPAGWEMAKTCSGQRYFLNHIDQTTTWQDPR,1,-1.276896821221112
S23E,0.725349624,DVPLPAGWEMAKTESGQRYFLNHIDQTTTWQDPR,1,-0.321101500367802
S23D,0.454053546,DVPLPAGWEMAKTDSGQRYFLNHIDQTTTWQDPR,1,-0.7895401451642087
S23G,1.104197754,DVPLPAGWEMAKTGSGQRYFLNHIDQTTTWQDPR,1,0.0991190568139363
S23F,0.814794351,DVPLPAGWEMAKTFSGQRYFLNHIDQTTTWQDPR,1,-0.2048195276432103
S23I,1.19217961,DVPLPAGWEMAKTISGQRYFLNHIDQTTTWQDPR,1,0.1757832368223391
S23H,1.416064987,DVPLPAGWEMAKTHSGQRYFLNHIDQTTTWQDPR,1,0.3478818889924063
S23K,1.888502247,DVPLPAGWEMAKTKSGQRYFLNHIDQTTTWQDPR,1,0.6357840530028676
S23M,0.716990981,DVPLPAGWEMAKTMSGQRYFLNHIDQTTTWQDPR,1,-0.3326920172621883
S23L,0.692028368,DVPLPAGWEMAKTLSGQRYFLNHIDQTTTWQDPR,1,-0.3681283299850543
S23N,1.090485719,DVPLPAGWEMAKTNSGQRYFLNHIDQTTTWQDPR,1,0.0866232107461935
S23Q,1.743019952,DVPLPAGWEMAKTQSGQRYFLNHIDQTTTWQDPR,1,0.5556192134029477
S23P,0.727134572,DVPLPAGWEMAKTPSGQRYFLNHIDQTTTWQDPR,1,-0.3186437126638856
S23R,1.49171078,DVPLPAGWEMAKTRSGQRYFLNHIDQTTTWQDPR,1,0.3999236358057885
S23T,1.098956339,DVPLPAGWEMAKTTSGQRYFLNHIDQTTTWQDPR,1,0.094360946697823
S23W,1.199468491,DVPLPAGWEMAKTWSGQRYFLNHIDQTTTWQDPR,1,0.181878534507405
S23V,1.010614488,DVPLPAGWEMAKTVSGQRYFLNHIDQTTTWQDPR,1,0.0105585498109084
S23Y,0.917574196,DVPLPAGWEMAKTYSGQRYFLNHIDQTTTWQDPR,1,-0.0860218347480858
S24A,1.077888723,DVPLPAGWEMAKTSAGQRYFLNHIDQTTTWQDPR,1,0.0750042417412556
S24C,0.468705008,DVPLPAGWEMAKTSCGQRYFLNHIDQTTTWQDPR,1,-0.7577816892375064
S24D,0.92077903,DVPLPAGWEMAKTSDGQRYFLNHIDQTTTWQDPR,1,-0.0825351955088533
S24G,1.224846881,DVPLPAGWEMAKTSGGQRYFLNHIDQTTTWQDPR,1,0.2028158410821106
S24F,1.103066226,DVPLPAGWEMAKTSFGQRYFLNHIDQTTTWQDPR,1,0.0980937801733768
S24I,0.841734939,DVPLPAGWEMAKTSIGQRYFLNHIDQTTTWQDPR,1,-0.1722901135869181
S24H,0.462754975,DVPLPAGWEMAKTSHGQRYFLNHIDQTTTWQDPR,1,-0.7705575766408863
S24L,0.802335538,DVPLPAGWEMAKTSLGQRYFLNHIDQTTTWQDPR,1,-0.2202283820520883
S24P,0.194398279,DVPLPAGWEMAKTSPGQRYFLNHIDQTTTWQDPR,1,-1.6378462398756437
S24R,1.306861885,DVPLPAGWEMAKTSRGQRYFLNHIDQTTTWQDPR,1,0.2676287557606404
S24T,0.964898963,DVPLPAGWEMAKTSTGQRYFLNHIDQTTTWQDPR,1,-0.0357318846791456
S24W,1.083782072,DVPLPAGWEMAKTSWGQRYFLNHIDQTTTWQDPR,1,0.0804568422156801
S24V,0.941664387,DVPLPAGWEMAKTSVGQRYFLNHIDQTTTWQDPR,1,-0.0601063449575915
S24Y,1.515227045,DVPLPAGWEMAKTSYGQRYFLNHIDQTTTWQDPR,1,0.4155652924192108
G25A,0.295663185,DVPLPAGWEMAKTSSAQRYFLNHIDQTTTWQDPR,1,-1.2185343610582533
G25C,0.378104551,DVPLPAGWEMAKTSSCQRYFLNHIDQTTTWQDPR,1,-0.972584531659407
G25D,0.42102237,DVPLPAGWEMAKTSSDQRYFLNHIDQTTTWQDPR,1,-0.8650693113194666
G25M,0.450016242,DVPLPAGWEMAKTSSMQRYFLNHIDQTTTWQDPR,1,-0.798471603535787
G25L,0.300054363,DVPLPAGWEMAKTSSLQRYFLNHIDQTTTWQDPR,1,-1.2037916107424849
G25N,0.513955424,DVPLPAGWEMAKTSSNQRYFLNHIDQTTTWQDPR,1,-0.665618741023101
G25S,0.355720578,DVPLPAGWEMAKTSSSQRYFLNHIDQTTTWQDPR,1,-1.033609749578522
G25R,0.473883115,DVPLPAGWEMAKTSSRQRYFLNHIDQTTTWQDPR,1,-0.7467945805230751
G25W,0.17919543,DVPLPAGWEMAKTSSWQRYFLNHIDQTTTWQDPR,1,-1.719278280998637
G25V,0.040970298,DVPLPAGWEMAKTSSVQRYFLNHIDQTTTWQDPR,1,-3.19490791383497
Q26A,1.343553825,DVPLPAGWEMAKTSSGARYFLNHIDQTTTWQDPR,1,0.2953182115384823
Q26E,0.673642948,DVPLPAGWEMAKTSSGERYFLNHIDQTTTWQDPR,1,-0.3950550591791694
Q26D,0.749241883,DVPLPAGWEMAKTSSGDRYFLNHIDQTTTWQDPR,1,-0.288693406344214
Q26G,0.672532943,DVPLPAGWEMAKTSSGGRYFLNHIDQTTTWQDPR,1,-0.3967041828323057
Q26H,0.970355774,DVPLPAGWEMAKTSSGHRYFLNHIDQTTTWQDPR,1,-0.0300924974114795
Q26M,0.512580759,DVPLPAGWEMAKTSSGMRYFLNHIDQTTTWQDPR,1,-0.668297001847182
Q26L,0.538741653,DVPLPAGWEMAKTSSGLRYFLNHIDQTTTWQDPR,1,-0.6185191309556632
Q26N,0.2984452,DVPLPAGWEMAKTSSGNRYFLNHIDQTTTWQDPR,1,-1.2091689475928085
Q26P,0.12287693,DVPLPAGWEMAKTSSGPRYFLNHIDQTTTWQDPR,1,-2.096571993618832
Q26S,0.798911714,DVPLPAGWEMAKTSSGSRYFLNHIDQTTTWQDPR,1,-0.2245048349404774
Q26R,1.272773627,DVPLPAGWEMAKTSSGRRYFLNHIDQTTTWQDPR,1,0.2411984773679375
Q26T,0.234903552,DVPLPAGWEMAKTSSGTRYFLNHIDQTTTWQDPR,1,-1.4485802661033715
Q26W,1.353130552,DVPLPAGWEMAKTSSGWRYFLNHIDQTTTWQDPR,1,0.3024208352949882
Q26V,0.285005894,DVPLPAGWEMAKTSSGVRYFLNHIDQTTTWQDPR,1,-1.255245418225575
Q26Y,2.203458399,DVPLPAGWEMAKTSSGYRYFLNHIDQTTTWQDPR,1,0.7900281256118139
R27A,0.935915056,DVPLPAGWEMAKTSSGQAYFLNHIDQTTTWQDPR,1,-0.0662305587595214
R27C,0.552779669,DVPLPAGWEMAKTSSGQCYFLNHIDQTTTWQDPR,1,-0.5927957854249833
R27D,0.668930367,DVPLPAGWEMAKTSSGQDYFLNHIDQTTTWQDPR,1,-0.4020753094729429
R27G,0.332460056,DVPLPAGWEMAKTSSGQGYFLNHIDQTTTWQDPR,1,-1.1012355584335218
R27F,0.91571772,DVPLPAGWEMAKTSSGQFYFLNHIDQTTTWQDPR,1,-0.0880471277397517
R27I,1.683243439,DVPLPAGWEMAKTSSGQIYFLNHIDQTTTWQDPR,1,0.520722550618933
R27H,0.986778535,DVPLPAGWEMAKTSSGQHYFLNHIDQTTTWQDPR,1,-0.0133096466916071
R27L,1.020529566,DVPLPAGWEMAKTSSGQLYFLNHIDQTTTWQDPR,1,0.0203216749205935
R27N,1.498533972,DVPLPAGWEMAKTSSGQNYFLNHIDQTTTWQDPR,1,0.4044872781882757
R27Q,0.633304313,DVPLPAGWEMAKTSSGQQYFLNHIDQTTTWQDPR,1,-0.4568042251245028
R27P,1.372245636,DVPLPAGWEMAKTSSGQPYFLNHIDQTTTWQDPR,1,0.3164485482642658
R27S,0.890886649,DVPLPAGWEMAKTSSGQSYFLNHIDQTTTWQDPR,1,-0.1155380773370742
R27T,1.32468388,DVPLPAGWEMAKTSSGQTYFLNHIDQTTTWQDPR,1,0.2811738498411042
R27W,0.824844876,DVPLPAGWEMAKTSSGQWYFLNHIDQTTTWQDPR,1,-0.1925599394180508
R27V,0.992885271,DVPLPAGWEMAKTSSGQVYFLNHIDQTTTWQDPR,1,-0.0071401593763165
R27Y,0.867007092,DVPLPAGWEMAKTSSGQYYFLNHIDQTTTWQDPR,1,-0.1427081223042547
Y28H,0.090963722,DVPLPAGWEMAKTSSGQRHFLNHIDQTTTWQDPR,1,-2.3972945112917072
Y28D,0.057448538,DVPLPAGWEMAKTSSGQRDFLNHIDQTTTWQDPR,1,-2.856865723227024
Y28F,0.153582607,DVPLPAGWEMAKTSSGQRFFLNHIDQTTTWQDPR,1,-1.873516700357292
F29A,0.227098952,DVPLPAGWEMAKTSSGQRYALNHIDQTTTWQDPR,1,-1.4823694445884497
F29I,0.058359537,DVPLPAGWEMAKTSSGQRYILNHIDQTTTWQDPR,1,-2.8411324888751293
F29H,0.180127498,DVPLPAGWEMAKTSSGQRYHLNHIDQTTTWQDPR,1,-1.714090356611493
F29T,0.079562905,DVPLPAGWEMAKTSSGQRYTLNHIDQTTTWQDPR,1,-2.5312073123396828
F29V,0.06234471,DVPLPAGWEMAKTSSGQRYVLNHIDQTTTWQDPR,1,-2.775076454080215
F29Y,1.133935953,DVPLPAGWEMAKTSSGQRYYLNHIDQTTTWQDPR,1,0.1256947248745919
L30I,1.165557394,DVPLPAGWEMAKTSSGQRYFINHIDQTTTWQDPR,1,0.1531994223824678
L30K,2.702899304,DVPLPAGWEMAKTSSGQRYFKNHIDQTTTWQDPR,1,0.9943250131782608
L30M,0.740773308,DVPLPAGWEMAKTSSGQRYFMNHIDQTTTWQDPR,1,-0.3000606276168056
L30Q,0.330103331,DVPLPAGWEMAKTSSGQRYFQNHIDQTTTWQDPR,1,-1.1083495492923514
L30P,0.109454749,DVPLPAGWEMAKTSSGQRYFPNHIDQTTTWQDPR,1,-2.212244066278919
L30R,0.640307928,DVPLPAGWEMAKTSSGQRYFRNHIDQTTTWQDPR,1,-0.4458060808379531
L30T,0.244875204,DVPLPAGWEMAKTSSGQRYFTNHIDQTTTWQDPR,1,-1.407006569639678
L30V,0.723199214,DVPLPAGWEMAKTSSGQRYFVNHIDQTTTWQDPR,1,-0.3240705567410441
N31C,0.218036908,DVPLPAGWEMAKTSSGQRYFLCHIDQTTTWQDPR,1,-1.523090927770848
N31D,0.354226797,DVPLPAGWEMAKTSSGQRYFLDHIDQTTTWQDPR,1,-1.0378179014979223
N31H,0.191104856,DVPLPAGWEMAKTSSGQRYFLHHIDQTTTWQDPR,1,-1.6549330172790615
N31K,0.176948308,DVPLPAGWEMAKTSSGQRYFLKHIDQTTTWQDPR,1,-1.7318976342595511
N31S,0.566387259,DVPLPAGWEMAKTSSGQRYFLSHIDQTTTWQDPR,1,-0.5684772315590265
N31R,0.113358739,DVPLPAGWEMAKTSSGQRYFLRHIDQTTTWQDPR,1,-2.1771978075147937
N31T,0.080871599,DVPLPAGWEMAKTSSGQRYFLTHIDQTTTWQDPR,1,-2.514892579595538
N31Y,0.118332683,DVPLPAGWEMAKTSSGQRYFLYHIDQTTTWQDPR,1,-2.134255273964581
H32I,0.192325331,DVPLPAGWEMAKTSSGQRYFLNIIDQTTTWQDPR,1,-1.6485669085935135
H32P,0.034190683,DVPLPAGWEMAKTSSGQRYFLNPIDQTTTWQDPR,1,-3.375802098929112
H32C,0.172244151,DVPLPAGWEMAKTSSGQRYFLNCIDQTTTWQDPR,1,-1.7588423261235382
H32R,0.060607017,DVPLPAGWEMAKTSSGQRYFLNRIDQTTTWQDPR,1,-2.8033446005310454
I33A,0.692881705,DVPLPAGWEMAKTSSGQRYFLNHADQTTTWQDPR,1,-0.3668959942188122
I33C,0.841481037,DVPLPAGWEMAKTSSGQRYFLNHCDQTTTWQDPR,1,-0.1725918003645461
I33G,0.89901251,DVPLPAGWEMAKTSSGQRYFLNHGDQTTTWQDPR,1,-0.1064583291457118
I33F,0.693820276,DVPLPAGWEMAKTSSGQRYFLNHFDQTTTWQDPR,1,-0.3655423203131249
I33H,1.079320109,DVPLPAGWEMAKTSSGQRYFLNHHDQTTTWQDPR,1,0.0763313141960288
I33K,1.494868453,DVPLPAGWEMAKTSSGQRYFLNHKDQTTTWQDPR,1,0.40203821166684
I33M,0.975948534,DVPLPAGWEMAKTSSGQRYFLNHMDQTTTWQDPR,1,-0.024345425516779
I33L,0.96137972,DVPLPAGWEMAKTSSGQRYFLNHLDQTTTWQDPR,1,-0.0393858179823334
I33N,1.33377755,DVPLPAGWEMAKTSSGQRYFLNHNDQTTTWQDPR,1,0.2880151794654788
I33P,0.28288424,DVPLPAGWEMAKTSSGQRYFLNHPDQTTTWQDPR,1,-1.262717510957405
I33S,0.76141968,DVPLPAGWEMAKTSSGQRYFLNHSDQTTTWQDPR,1,-0.2725705882440517
I33R,0.99769525,DVPLPAGWEMAKTSSGQRYFLNHRDQTTTWQDPR,1,-0.0023074100241943
I33T,0.983589148,DVPLPAGWEMAKTSSGQRYFLNHTDQTTTWQDPR,1,-0.0165470016411825
I33V,0.735393738,DVPLPAGWEMAKTSSGQRYFLNHVDQTTTWQDPR,1,-0.3073492252450456
I33Y,1.029292251,DVPLPAGWEMAKTSSGQRYFLNHYDQTTTWQDPR,1,0.0288714311046669
D34A,1.802303014,DVPLPAGWEMAKTSSGQRYFLNHIAQTTTWQDPR,1,0.5890652993228311
D34C,1.853621022,DVPLPAGWEMAKTSSGQRYFLNHICQTTTWQDPR,1,0.6171410352456507
D34E,1.316201445,DVPLPAGWEMAKTSSGQRYFLNHIEQTTTWQDPR,1,0.2747498948967474
D34G,1.237291433,DVPLPAGWEMAKTSSGQRYFLNHIGQTTTWQDPR,1,0.2129246622665177
D34F,1.138575996,DVPLPAGWEMAKTSSGQRYFLNHIFQTTTWQDPR,1,0.1297783552820514
D34I,1.165943121,DVPLPAGWEMAKTSSGQRYFLNHIIQTTTWQDPR,1,0.153530305434852
D34H,1.460187346,DVPLPAGWEMAKTSSGQRYFLNHIHQTTTWQDPR,1,0.3785647466661258
D34K,2.430656901,DVPLPAGWEMAKTSSGQRYFLNHIKQTTTWQDPR,1,0.888161550449616
D34L,1.198836095,DVPLPAGWEMAKTSSGQRYFLNHILQTTTWQDPR,1,0.1813511652830386
D34N,1.717223013,DVPLPAGWEMAKTSSGQRYFLNHINQTTTWQDPR,1,0.5407084587459748
D34Q,1.942447821,DVPLPAGWEMAKTSSGQRYFLNHIQQTTTWQDPR,1,0.6639489411228198
D34P,0.16607765,DVPLPAGWEMAKTSSGQRYFLNHIPQTTTWQDPR,1,-1.7952998289120443
D34S,1.617697497,DVPLPAGWEMAKTSSGQRYFLNHISQTTTWQDPR,1,0.4810038400938609
D34R,3.159291618,DVPLPAGWEMAKTSSGQRYFLNHIRQTTTWQDPR,1,1.1503478309496429
D34T,1.09535668,DVPLPAGWEMAKTSSGQRYFLNHITQTTTWQDPR,1,0.0910800453881021
D34W,1.473870464,DVPLPAGWEMAKTSSGQRYFLNHIWQTTTWQDPR,1,0.387891909308404
D34V,1.031891983,DVPLPAGWEMAKTSSGQRYFLNHIVQTTTWQDPR,1,0.0313939939456728
D34Y,1.042075197,DVPLPAGWEMAKTSSGQRYFLNHIYQTTTWQDPR,1,0.041214106754204
Q35E,0.210800198,DVPLPAGWEMAKTSSGQRYFLNHIDETTTWQDPR,1,-1.5568445230364336
Q35G,0.162256176,DVPLPAGWEMAKTSSGQRYFLNHIDGTTTWQDPR,1,-1.8185788594074344
Q35H,0.574979613,DVPLPAGWEMAKTSSGQRYFLNHIDHTTTWQDPR,1,-0.553420694465527
Q35K,2.118778549,DVPLPAGWEMAKTSSGQRYFLNHIDKTTTWQDPR,1,0.750839766510121
Q35M,0.393983323,DVPLPAGWEMAKTSSGQRYFLNHIDMTTTWQDPR,1,-0.931446697991201
Q35L,0.173372414,DVPLPAGWEMAKTSSGQRYFLNHIDLTTTWQDPR,1,-1.752313316103658
Q35P,0.093198532,DVPLPAGWEMAKTSSGQRYFLNHIDPTTTWQDPR,1,-2.3730233084876025
Q35R,2.280922616,DVPLPAGWEMAKTSSGQRYFLNHIDRTTTWQDPR,1,0.8245800172554846
Q35Y,0.275175639,DVPLPAGWEMAKTSSGQRYFLNHIDYTTTWQDPR,1,-1.2903456979167514
T36A,0.557788591,DVPLPAGWEMAKTSSGQRYFLNHIDQATTWQDPR,1,-0.5837752575655125
T36C,0.777117387,DVPLPAGWEMAKTSSGQRYFLNHIDQCTTWQDPR,1,-0.2521638628054263
T36D,0.117797109,DVPLPAGWEMAKTSSGQRYFLNHIDQDTTWQDPR,1,-2.1387915496617262
T36F,1.024077297,DVPLPAGWEMAKTSSGQRYFLNHIDQFTTWQDPR,1,0.0237920091200028
T36I,0.676608257,DVPLPAGWEMAKTSSGQRYFLNHIDQITTWQDPR,1,-0.3906628190446072
T36H,0.340780686,DVPLPAGWEMAKTSSGQRYFLNHIDQHTTWQDPR,1,-1.0765161581681366
T36K,0.692250843,DVPLPAGWEMAKTSSGQRYFLNHIDQKTTWQDPR,1,-0.36780689916366
T36M,0.767985557,DVPLPAGWEMAKTSSGQRYFLNHIDQMTTWQDPR,1,-0.263984352000883
T36L,0.899827584,DVPLPAGWEMAKTSSGQRYFLNHIDQLTTWQDPR,1,-0.1055521073436746
T36N,0.662036963,DVPLPAGWEMAKTSSGQRYFLNHIDQNTTWQDPR,1,-0.4124338892564317
T36P,0.188857146,DVPLPAGWEMAKTSSGQRYFLNHIDQPTTWQDPR,1,-1.6667643909843666
T36S,0.760399357,DVPLPAGWEMAKTSSGQRYFLNHIDQSTTWQDPR,1,-0.2739115139757954
T36R,1.261572505,DVPLPAGWEMAKTSSGQRYFLNHIDQRTTWQDPR,1,0.232358962675241
T37S,0.481269323,DVPLPAGWEMAKTSSGQRYFLNHIDQTSTWQDPR,1,-0.7313282424978889
T37R,0.092289806,DVPLPAGWEMAKTSSGQRYFLNHIDQTRTWQDPR,1,-2.3828215877764243
T37N,0.083720206,DVPLPAGWEMAKTSSGQRYFLNHIDQTNTWQDPR,1,-2.48027492082447
T38A,0.457146955,DVPLPAGWEMAKTSSGQRYFLNHIDQTTAWQDPR,1,-0.7827503752273093
T38E,0.327952431,DVPLPAGWEMAKTSSGQRYFLNHIDQTTEWQDPR,1,-1.1148867085545136
T38G,0.383447447,DVPLPAGWEMAKTSSGQRYFLNHIDQTTGWQDPR,1,-0.9585527027670934
T38K,0.165330598,DVPLPAGWEMAKTSSGQRYFLNHIDQTTKWQDPR,1,-1.7998081854170174
T38M,0.203469551,DVPLPAGWEMAKTSSGQRYFLNHIDQTTMWQDPR,1,-1.5922389118302809
T38N,0.380181572,DVPLPAGWEMAKTSSGQRYFLNHIDQTTNWQDPR,1,-0.967106319329202
T38Q,1.436759988,DVPLPAGWEMAKTSSGQRYFLNHIDQTTQWQDPR,1,0.3623905701824897
T38P,0.207137978,DVPLPAGWEMAKTSSGQRYFLNHIDQTTPWQDPR,1,-1.574370147383
T38S,0.688913348,DVPLPAGWEMAKTSSGQRYFLNHIDQTTSWQDPR,1,-0.3726397807541765
T38R,0.439849736,DVPLPAGWEMAKTSSGQRYFLNHIDQTTRWQDPR,1,-0.8213221194882488
T38W,0.53335865,DVPLPAGWEMAKTSSGQRYFLNHIDQTTWWQDPR,1,-0.6285611917989795
Q40A,0.947362798,DVPLPAGWEMAKTSSGQRYFLNHIDQTTTWADPR,1,-0.054073156732335
Q40E,0.454173482,DVPLPAGWEMAKTSSGQRYFLNHIDQTTTWEDPR,1,-0.7892760349869079
Q40D,0.655563639,DVPLPAGWEMAKTSSGQRYFLNHIDQTTTWDDPR,1,-0.4222598958226016
Q40G,0.896375772,DVPLPAGWEMAKTSSGQRYFLNHIDQTTTWGDPR,1,-0.1093955655330809
Q40H,1.397860963,DVPLPAGWEMAKTSSGQRYFLNHIDQTTTWHDPR,1,0.3349431846454049
Q40K,0.563799529,DVPLPAGWEMAKTSSGQRYFLNHIDQTTTWKDPR,1,-0.5730565357050988
Q40M,0.732776084,DVPLPAGWEMAKTSSGQRYFLNHIDQTTTWMDPR,1,-0.3109151026176795
Q40L,0.540865251,DVPLPAGWEMAKTSSGQRYFLNHIDQTTTWLDPR,1,-0.6145851050968736
Q40N,1.268605223,DVPLPAGWEMAKTSSGQRYFLNHIDQTTTWNDPR,1,0.2379180473461857
Q40P,0.043327539,DVPLPAGWEMAKTSSGQRYFLNHIDQTTTWPDPR,1,-3.138966841519979
Q40S,0.795291869,DVPLPAGWEMAKTSSGQRYFLNHIDQTTTWSDPR,1,-0.2290461008862236
Q40R,1.368045172,DVPLPAGWEMAKTSSGQRYFLNHIDQTTTWRDPR,1,0.3133828391230313
Q40T,0.693832541,DVPLPAGWEMAKTSSGQRYFLNHIDQTTTWTDPR,1,-0.3655246429807978
Q40W,0.924825944,DVPLPAGWEMAKTSSGQRYFLNHIDQTTTWWDPR,1,-0.0781497278243018
Q40Y,0.896513949,DVPLPAGWEMAKTSSGQRYFLNHIDQTTTWYDPR,1,-0.109241426660338
D41A,0.704252764,DVPLPAGWEMAKTSSGQRYFLNHIDQTTTWQAPR,1,-0.3506179474907228
D41E,0.254635298,DVPLPAGWEMAKTSSGQRYFLNHIDQTTTWQEPR,1,-1.367922961463108
D41G,0.35020723,DVPLPAGWEMAKTSSGQRYFLNHIDQTTTWQGPR,1,-1.049230213997981
D41I,0.337056451,DVPLPAGWEMAKTSSGQRYFLNHIDQTTTWQIPR,1,-1.0875048522723167
D41H,0.698396188,DVPLPAGWEMAKTSSGQRYFLNHIDQTTTWQHPR,1,-0.3589687326617894
D41K,0.760826085,DVPLPAGWEMAKTSSGQRYFLNHIDQTTTWQKPR,1,-0.2733504820611149
D41N,0.538291852,DVPLPAGWEMAKTSSGQRYFLNHIDQTTTWQNPR,1,-0.6193543900707464
D41Q,0.385890772,DVPLPAGWEMAKTSSGQRYFLNHIDQTTTWQQPR,1,-0.9522009236552936
D41P,0.499124674,DVPLPAGWEMAKTSSGQRYFLNHIDQTTTWQPPR,1,-0.6948993667419652
D41S,0.534497322,DVPLPAGWEMAKTSSGQRYFLNHIDQTTTWQSPR,1,-0.6264285588195794
D41T,0.386769319,DVPLPAGWEMAKTSSGQRYFLNHIDQTTTWQTPR,1,-0.9499268386110478
D41V,0.63881394,DVPLPAGWEMAKTSSGQRYFLNHIDQTTTWQVPR,1,-0.4481420407128173
D41Y,0.617182283,DVPLPAGWEMAKTSSGQRYFLNHIDQTTTWQYPR,1,-0.4825908643490808
P42A,0.055790381,DVPLPAGWEMAKTSSGQRYFLNHIDQTTTWQDAR,1,-2.886153807967162
P42H,0.08686077,DVPLPAGWEMAKTSSGQRYFLNHIDQTTTWQDHR,1,-2.4434487870747814
P42Q,0.069048133,DVPLPAGWEMAKTSSGQRYFLNHIDQTTTWQDQR,1,-2.6729514378703665
P42S,0.041908444,DVPLPAGWEMAKTSSGQRYFLNHIDQTTTWQDSR,1,-3.172267944911672
P42R,0.240944946,DVPLPAGWEMAKTSSGQRYFLNHIDQTTTWQDRR,1,-1.4231868114218604
P42W,0.067498151,DVPLPAGWEMAKTSSGQRYFLNHIDQTTTWQDWR,1,-2.6956550740714293
R43C,0.157368182,DVPLPAGWEMAKTSSGQRYFLNHIDQTTTWQDPC,1,-1.8491671108285443
R43D,0.138660892,DVPLPAGWEMAKTSSGQRYFLNHIDQTTTWQDPD,1,-1.9757239524868977
R43G,0.150522964,DVPLPAGWEMAKTSSGQRYFLNHIDQTTTWQDPG,1,-1.8936396217154627
R43H,0.124026967,DVPLPAGWEMAKTSSGQRYFLNHIDQTTTWQDPH,1,-2.087256261215084
R43P,0.061894785,DVPLPAGWEMAKTSSGQRYFLNHIDQTTTWQDPP,1,-2.7823193516290834
R43S,0.167860387,DVPLPAGWEMAKTSSGQRYFLNHIDQTTTWQDPS,1,-1.7846226748374407
WT,1.0,DVPLPAGWEMAKTSSGQRYFLNHIDQTTTWQDPR,0,0.0
